,Product Name,Prices,Description,Review
0,"Apple iPhone 8 Plus (Gold, 64 GB)","₹49,900","64 GB ROM13.97 cm (5.5 inch) Retina HD Display12MP + 12MP | 7MP Front CameraA11 Bionic Chip with 64-bit Architecture, Neural Engine, Embedded M11 Motion Coprocessor ProcessorBrand Warranty of 1 Year",4.6
1,"Apple iPhone 11 (Purple, 128 GB)","₹48,900",128 GB ROM15.49 cm (6.1 inch) Liquid Retina HD Display12MP + 12MP | 12MP Front CameraA13 Bionic Chip Processor1 year warranty for phone and 1 year warranty for in Box Accessories.,4.6
2,"Honor 200 Pro 5G (Black, 512 GB)","₹39,999",12 GB RAM | 512 GB ROM17.22 cm (6.78 inch) Full HD+ Super AMOLED Display50MP + 50MP + 12MP | 50MP Front Camera5200 mAh BatterySnapdragon 8s Gen 3 Processor1 year manufacturer's warranty for handset & 6 months for accessories,4
3,"OnePlus 10 Pro 5G (Volcanic Black, 128 GB)","₹39,998",8 GB RAM | 128 GB ROM17.02 cm (6.7 inch) Display48MP Rear Camera | 32MP Front Camera5000 mAh Battery1 Year Manufacturer Warranty for Handset and 6 Months Warranty for In the Box Accessories,4.2
4,"Samsung Galaxy S21 FE 5G with Snapdragon 888 (Navy, 128 GB)","₹45,999",8 GB RAM | 128 GB ROM16.26 cm (6.4 inch) Full HD+ Display12MP + 12MP + 8MP (OIS) | 32MP Front Camera4500 mAh Lithium-ion BatterySnapdragon 888 Processor1 Year Manufacturer Warranty for Device and 6 Months Manufacturer Warranty for In-Box Accessories,4.3
5,"Apple iPhone 12 (White, 64 GB)","₹48,900","64 GB ROM15.49 cm (6.1 inch) Super Retina XDR Display12MP + 12MP | 12MP Front CameraA14 Bionic Chip with Next Generation Neural Engine ProcessorCeramic ShieldIndustry-leading IP68 Water ResistanceAll Screen OLED Display12MP TrueDepth Front Camera with Night Mode, 4K Dolby Vision HDR Recording1 year warranty for phone and 1 year warranty for in Box Accessories.",4.6
6,"Honor 200 Pro 5G (Ocean Cyan, 512 GB)","₹47,999",12 GB RAM | 512 GB ROM17.22 cm (6.78 inch) Full HD+ Super AMOLED Display50MP + 50MP + 12MP | 50MP Front Camera5200 mAh BatterySnapdragon 8s Gen 3 Processor1 year manufacturer's warranty for handset & 6 months for accessories,4
7,"Apple iPhone 12 (Black, 64 GB)","₹48,900","64 GB ROM15.49 cm (6.1 inch) Super Retina XDR Display12MP + 12MP | 12MP Front CameraA14 Bionic Chip with Next Generation Neural Engine ProcessorCeramic ShieldIndustry-leading IP68 Water ResistanceAll Screen OLED Display12MP TrueDepth Front Camera with Night Mode, 4K Dolby Vision HDR Recording1 year warranty for phone and 1 year warranty for in Box Accessories.",4.6
8,"Apple iPhone 8 Plus (Silver, 64 GB)","₹49,900","64 GB ROM13.97 cm (5.5 inch) Retina HD Display12MP + 12MP | 7MP Front CameraA11 Bionic Chip with 64-bit Architecture, Neural Engine, Embedded M11 Motion Coprocessor ProcessorBrand Warranty of 1 Year",4.6
9,"realme X50 Pro (Moss Green, 256 GB)","₹47,999",12 GB RAM | 256 GB ROM16.36 cm (6.44 inch) Full HD+ Display64MP + 12MP + 8MP + 2MP | 32MP + 8MP Dual Front Camera4200 mAh Battery5G PhoneQualcomm Snapdragon 865 Processor65W Superdart ChargeBrand Warranty of 1 Year Available for Mobile and 6 Months for Accessories,4.4
10,"Apple iPhone 11 (Black, 128 GB)","₹48,900",128 GB ROM15.49 cm (6.1 inch) Liquid Retina HD Display12MP + 12MP | 12MP Front CameraA13 Bionic Chip Processor1 year warranty for phone and 1 year warranty for in Box Accessories.,4.6
11,"Apple iPhone SE 3rd Gen (Product (Red), 64 GB)","₹47,600","64 GB ROM11.94 cm (4.7 inch) Retina HD Display12MP Rear Camera | 7MP Front CameraA15 Bionic Chip, 6 Core Processor Processor1 year warranty for phone and 1 year warranty for in Box Accessories.",4.4
12,"OPPO Find N2 Flip (Astral Black, 256 GB)","₹49,999",8 GB RAM | 256 GB ROM17.27 cm (6.8 inch) Full HD+ Display50MP + 8MP | 32MP Front Camera4300 mAh BatteryMediatek Dimensity 9000+ Processor1 Year Manufacturer Warranty for Phone and 6 Months Warranty for In the Box Accessories,4.1
13,"Apple iPhone XR (Yellow, 64 GB) (Includes EarPods, Power Adapter)","₹47,900",64 GB ROM15.49 cm (6.1 inch) Display12MP Rear Camera | 7MP Front CameraA12 Bionic Chip ProcessoriOS 13 Compatible1 year warranty for phone and 1 year warranty for in Box Accessories.,4.6
14,"Apple iPhone XR (White, 64 GB) (Includes EarPods, Power Adapter)","₹47,900",64 GB ROM15.49 cm (6.1 inch) Display12MP Rear Camera | 7MP Front CameraA12 Bionic Chip ProcessoriOS 13 Compatible1 year warranty for phone and 1 year warranty for in Box Accessories.,4.6
15,"Apple iPhone 8 Plus (Space Grey, 64 GB)","₹49,900","64 GB ROM13.97 cm (5.5 inch) Retina HD Display12MP + 12MP | 7MP Front CameraA11 Bionic Chip with 64-bit Architecture, Neural Engine, Embedded M11 Motion Coprocessor ProcessorBrand Warranty of 1 Year",4.6
16,"Apple iPhone 13 (Starlight, 128 GB)","₹44,999",128 GB ROM15.49 cm (6.1 inch) Super Retina XDR Display12MP + 12MP | 12MP Front CameraA15 Bionic Chip Processor1 year warranty for phone and 1 year warranty for in Box Accessories.,4.6
17,"Google Pixel 8a (Porcelain, 128 GB)","₹37,999",8 GB RAM | 128 GB ROM15.49 cm (6.1 inch) Full HD+ Display64MP + 13MP | 13MP Front Camera4404 mAh BatteryTensor G3 Processor1 Year Domestic Warranty,4.3
18,"Google Pixel 8a (Obsidian, 128 GB)","₹37,999",8 GB RAM | 128 GB ROM15.49 cm (6.1 inch) Full HD+ Display64MP + 13MP | 13MP Front Camera4404 mAh BatteryTensor G3 Processor1 Year Domestic Warranty,4.3
19,"Google Pixel 8a (Bay, 128 GB)","₹37,999",8 GB RAM | 128 GB ROM15.49 cm (6.1 inch) Full HD+ Display64MP + 13MP | 13MP Front Camera4404 mAh BatteryTensor G3 Processor1 Year Domestic Warranty,4.3
20,"Google Pixel 8a (Aloe, 128 GB)","₹37,999",8 GB RAM | 128 GB ROM15.49 cm (6.1 inch) Full HD+ Display64MP + 13MP | 13MP Front Camera4404 mAh BatteryTensor G3 Processor1 Year Domestic Warranty,4.3
21,"SAMSUNG Galaxy S24 FE 5G (Mint, 128 GB)","₹44,999",8 GB RAM | 128 GB ROM17.02 cm (6.7 inch) Full HD+ Display50MP + 12MP | 10MP Front Camera4700 mAh BatteryExynos 2400e Processor1 Year Manufacturer Warranty for Device and 6 Months for In-Box Accessories,4.5
22,"SAMSUNG Galaxy S24 FE 5G (Graphite, 128 GB)","₹44,999",8 GB RAM | 128 GB ROM17.02 cm (6.7 inch) Full HD+ Display50MP + 12MP | 10MP Front Camera4700 mAh BatteryExynos 2400e Processor1 Year Manufacturer Warranty for Device and 6 Months for In-Box Accessories,4.5
23,"OnePlus 12R (Cool Blue, 256 GB)","₹33,188","8 GB RAM | 256 GB ROM17.22 cm (6.78 inch) Display50MP Rear Camera5500 mAh Battery1 Year Warranty
1 year manufacturer warranty for device and 1 year manufacturer warranty for in-box accessories including batteries from the date of purchase",4.5
24,"OPPO Reno 12 Pro 5G (Space Brown, 512 GB)","₹40,999",12 GB RAM | 512 GB ROM | Expandable Upto 1 TB17.02 cm (6.7 inch) Full HD+ Display50MP + 8MP + 50MP | 50MP Front Camera5000 mAh BatteryDimensity 7300 Energy Processor1 Year Manufacturer Warranty for Device and 6 Months Manufacturer Warranty for Inbox Accessories,4.4
25,"vivo X80 (Cosmic Black, 128 GB)","₹40,670",8 GB RAM | 128 GB ROM17.22 cm (6.78 inch) Full HD+ Display50MP + 12MP + 12MP | 32MP Front Camera4500 mAh Lithium BatteryMediatek Dimensity 9000 Processor1 Year on Handset and 6 Months on Accessories,4.4
26,"SAMSUNG Galaxy A55 5G (Awesome Iceblue, 256 GB)","₹45,999",12 GB RAM | 256 GB ROM | Expandable Upto 1 TB16.76 cm (6.6 inch) Full HD+ Display50MP + 12MP + 5MP | 32MP Front Camera5000 mAh BatterySamsung Exynos 1480 Processor1 Year Manufacturer Warranty for Device and 6 Months for In-Box Accessories,4.3
27,"SAMSUNG Galaxy A56 5G (Awesome Graphite, 256 GB)","₹44,999",12 GB RAM | 256 GB ROM17.02 cm (6.7 inch) Full HD+ Display50MP + 12MP + 5MP | 12MP Front Camera5000 mAh BatterySamsung Exynos 1580 Processor1 Year Manufacturer Warranty for Device and 6 Months for In-Box Accessories,4.6
28,"SAMSUNG Galaxy A56 5G (Awesome Olive, 256 GB)","₹41,999",8 GB RAM | 256 GB ROM17.02 cm (6.7 inch) Full HD+ Display50MP + 12MP + 5MP | 12MP Front Camera5000 mAh BatterySamsung Exynos 1580 Processor1 Year Manufacturer Warranty for Device and 6 Months for In-Box Accessories,4.8
29,"realme GT NEO 3 (150W) (Asphalt Black, 256 GB)","₹42,999",12 GB RAM | 256 GB ROM17.02 cm (6.7 inch) Full HD+ Display50MP + 8MP + 2MP | 16MP Front Camera4500 mAh Lithium Ion BatteryMediatek Dimensity 8100 Processor1 Year Manufacturer Warranty for Phone and 6 Months Warranty for In-Box Accessories,4.3
30,"Samsung Galaxy S21 FE 5G with Snapdragon 888 (Olive, 128 GB)","₹45,999",8 GB RAM | 128 GB ROM16.26 cm (6.4 inch) Full HD+ Display12MP + 12MP + 8MP (OIS) | 32MP Front Camera4500 mAh Lithium-ion BatterySnapdragon 888 Processor1 Year Manufacturer Warranty for Device and 6 Months Manufacturer Warranty for In-Box Accessories,4.3
31,"OPPO Reno13 Pro 5G (Graphite Grey, 256 GB)","₹49,999",12 GB RAM | 256 GB ROM17.35 cm (6.83 inch) Display50MP + 50MP + 8MP | 50MP Front Camera5800 mAh BatteryDimensity 8350 Processor1 Year Warranty on Handset and 6 Months Warranty on Accessories,4.4
32,"OnePlus 10 Pro 5G (Volcanic Black, 128 GB)","₹39,998",8 GB RAM | 128 GB ROM17.02 cm (6.7 inch) Display48MP Rear Camera | 32MP Front Camera5000 mAh Battery1 Year Manufacturer Warranty for Handset and 6 Months Warranty for In the Box Accessories,4.2
33,"OnePlus 11 5G (Marble Odyssey, 256 GB)","₹49,999",16 GB RAM | 256 GB ROM17.02 cm (6.7 inch) Display50MP Rear Camera5000 mAh Battery1 Year Warranty For Phone and 6 Months Warranty for in-box Accessories,4.5
34,"Google Pixel 8 (Rose, 128 GB)","₹49,999",8 GB RAM | 128 GB ROM15.75 cm (6.2 inch) Full HD+ Display50MP + 12MP | 10.5MP Front Camera4575 mAh BatteryTensor G3 Processor1 Year Domestic Warranty,4.4
35,"Honor 200 Pro 5G (Black, 512 GB)","₹39,999",12 GB RAM | 512 GB ROM17.22 cm (6.78 inch) Full HD+ Super AMOLED Display50MP + 50MP + 12MP | 50MP Front Camera5200 mAh BatterySnapdragon 8s Gen 3 Processor1 year manufacturer's warranty for handset & 6 months for accessories,4
36,"SAMSUNG Galaxy A55 5G (Awesome Navy, 256 GB)","₹37,990",12 GB RAM | 256 GB ROM | Expandable Upto 1 TB16.76 cm (6.6 inch) Full HD+ Display50MP + 12MP + 5MP | 32MP Front Camera5000 mAh BatterySamsung Exynos 1480 Processor1 Year Manufacturer Warranty for Device and 6 Months for In-Box Accessories,4.3
37,"realme GT 6T 5G (Fluid Silver, 512 GB)","₹32,248",12 GB RAM | 512 GB ROM17.22 cm (6.78 inch) Display50MP Rear Camera5500 mAh Battery1 Year,4.5
38,"SAMSUNG Galaxy A54 5G (Awesome Graphite, 256 GB)","₹37,499","8 GB RAM | 256 GB ROM | Expandable Upto 1 TB16.26 cm (6.4 inch) Full HD+ Display50MP + 12MP + 5MP | 32MP Front Camera5000 mAh BatteryExynos 1380, Octa Core Processor1 Year Manufacturer Warranty for Device and 6 Months Manufacturer Warranty for In-Box Accessories",4.3
39,"Infinix Zero Flip 5G (Blossom Glow, 512 GB)","₹49,999",8 GB RAM | 512 GB ROM17.53 cm (6.9 inch) Full HD+ Display50MP + 50MP | 50MP Front Camera4720 mAh Lithium-ion Polymer BatteryDimensity 8020 ProcessorStandard 1 Year on Handset and 6 Months on Accessories. Physical and Liquid Damange Not Covered Under The Standard Warranty.,4.4
40,"Samsung Galaxy S21 FE 5G with Snapdragon 888 (Navy, 128 GB)","₹45,999",8 GB RAM | 128 GB ROM16.26 cm (6.4 inch) Full HD+ Display12MP + 12MP + 8MP (OIS) | 32MP Front Camera4500 mAh Lithium-ion BatterySnapdragon 888 Processor1 Year Manufacturer Warranty for Device and 6 Months Manufacturer Warranty for In-Box Accessories,4.3
41,"IQOO Neo 9 Pro (Conqueror Black, 256 GB)","₹41,999",12 GB RAM | 256 GB ROM17.22 cm (6.78 inch) Display50MP Rear Camera5160 mAh Battery1 Year,4.6
42,"Infinix Zero Flip 5G (Rock Black, 512 GB)","₹49,999",8 GB RAM | 512 GB ROM17.53 cm (6.9 inch) Full HD+ Display50MP + 50MP | 50MP Front Camera4720 mAh Lithium-ion Polymer BatteryDimensity 8020 ProcessorStandard 1 Year on Handset and 6 Months on Accessories. Physical and Liquid Damange Not Covered Under The Standard Warranty.,4.4
43,"SAMSUNG Galaxy A36 5G (Awesome Black, 256 GB)","₹35,999",12 GB RAM | 256 GB ROM17.02 cm (6.7 inch) Full HD+ Display50MP + 8MP | 12MP Front Camera5000 mAh BatteryQualcomm Snapdragon 6 Gen 3 Processor1 Year Manufacturer Warranty for Device and 6 Months for In-Box Accessories,4.3
44,"SAMSUNG Galaxy S23 5G (Lavender, 256 GB)","₹41,999",8 GB RAM | 256 GB ROM15.49 cm (6.1 inch) Full HD+ Display50MP + 10MP + 12MP | 12MP Front Camera3900 mAh Lithium Ion BatteryQualcomm Snapdragon 8 Gen 2 Processor1 Year Manufacturer Warranty for Device and 6 Months Manufacturer Warranty for In-Box Accessories,4.6
45,"SAMSUNG Galaxy S23 5G (Cream, 128 GB)","₹39,999",8 GB RAM | 128 GB ROM15.49 cm (6.1 inch) Full HD+ Display50MP + 10MP + 12MP | 12MP Front Camera3900 mAh Lithium Ion BatteryQualcomm Snapdragon 8 Gen 2 Processor1 Year Manufacturer Warranty for Device and 6 Months Manufacturer Warranty for In-Box Accessories,4.6
46,"OnePlus 10 Pro 5G (Emerald Forest, 128 GB)","₹42,485",8 GB RAM | 128 GB ROM17.02 cm (6.7 inch) Display48MP Rear Camera5000 mAh Battery1 year manufacturer warranty for device and 6 months manufacturer warranty for in-box accessories including batteries from the date of purchase,4.2
47,"Apple iPhone 11 (Black, 128 GB)","₹48,900",128 GB ROM15.49 cm (6.1 inch) Liquid Retina HD Display12MP + 12MP | 12MP Front CameraA13 Bionic Chip Processor1 year warranty for phone and 1 year warranty for in Box Accessories.,4.6
48,"Google Pixel 8 (Hazel, 128 GB)","₹49,999",8 GB RAM | 128 GB ROM15.75 cm (6.2 inch) Full HD+ Display50MP + 12MP | 10.5MP Front Camera4575 mAh BatteryTensor G3 Processor1 Year Domestic Warranty,4.4
49,"OPPO RENO 13 5G (LUMINOUS BLUE, IVORY WHITE, 128 GB)","₹37,999",8 GB RAM | 128 GB ROM16.74 cm (6.59 inch) Display50MP Rear Camera5600 mAh Battery1 Year Warranty on Handset and 6 Months Warranty on Accessories,4.4
50,"Google Pixel 8 (Obsidian, 128 GB)","₹49,999",8 GB RAM | 128 GB ROM15.75 cm (6.2 inch) Full HD+ Display50MP + 12MP | 10.5MP Front Camera4575 mAh BatteryTensor G3 Processor1 Year Domestic Warranty,4.1
51,"Xiaomi 12 Pro 5G (Noir Black, 256 GB)","₹41,999",12 GB RAM | 256 GB ROM17.09 cm (6.73 inch) Full HD+ Display50MP + 50MP + 50MP | 32MP Front Camera4600 mAh Lithium Polymer BatterySnapdragon 8 Gen 1 Processor1 Year Manufacturer Warranty for Phone and 6 Months Warranty for In the Box Accessories,4.6
52,"Apple iPhone 12 (Black, 64 GB)","₹48,900","64 GB ROM15.49 cm (6.1 inch) Super Retina XDR Display12MP + 12MP | 12MP Front CameraA14 Bionic Chip with Next Generation Neural Engine ProcessorCeramic ShieldIndustry-leading IP68 Water ResistanceAll Screen OLED Display12MP TrueDepth Front Camera with Night Mode, 4K Dolby Vision HDR Recording1 year warranty for phone and 1 year warranty for in Box Accessories.",4.8
53,"SAMSUNG Galaxy A56 5G (Awesome Graphite, 128 GB)","₹43,995",8 GB RAM | 128 GB ROM17.02 cm (6.7 inch) Full HD+ Display50MP + 12MP + 5MP | 12MP Front Camera5000 mAh BatterySamsung Exynos 1580 Processor1 Year Manufacturer Warranty for Device and 6 Months for In-Box Accessories,4.3
54,"Google Pixel 6a (Chalk, 128 GB)","₹43,999",6 GB RAM | 128 GB ROM15.6 cm (6.14 inch) Full HD+ Display12.2MP + 12MP | 8MP Front Camera4410 mAh BatteryGoogle Tensor Processor1 Year Brand Warranty,4.3
55,"Google Pixel 7 Pro (Obsidian, 128 GB)","₹44,999",12 GB RAM | 128 GB ROM17.02 cm (6.7 inch) Quad HD+ Display50MP + 48MP + 12MP | 10.8MP Front Camera4926 mAh BatteryGoogle Tensor G2 Processor1 Year Domestic Warranty,4.6
56,"SAMSUNG Galaxy A56 5G (Awesome Olive, 256 GB)","₹44,999",12 GB RAM | 256 GB ROM17.02 cm (6.7 inch) Full HD+ Display50MP + 12MP + 5MP | 12MP Front Camera5000 mAh BatterySamsung Exynos 1580 Processor1 Year Manufacturer Warranty for Device and 6 Months for In-Box Accessories,4.8
57,"SAMSUNG Galaxy A56 5G (Awesome Olive, 128 GB)","₹41,999",8 GB RAM | 128 GB ROM17.02 cm (6.7 inch) Full HD+ Display50MP + 12MP + 5MP | 12MP Front Camera5000 mAh BatterySamsung Exynos 1580 Processor1 Year Manufacturer Warranty for Device and 6 Months for In-Box Accessories,4.3
58,"Google Pixel 7 Pro (Hazel, 128 GB)","₹44,999",12 GB RAM | 128 GB ROM17.02 cm (6.7 inch) Quad HD+ Display50MP + 48MP + 12MP | 10.8MP Front Camera4926 mAh BatteryGoogle Tensor G2 Processor1 Year Domestic Warranty,4.4
59,"realme X50 Pro (Moss Green, 256 GB)","₹47,999",12 GB RAM | 256 GB ROM16.36 cm (6.44 inch) Full HD+ Display64MP + 12MP + 8MP + 2MP | 32MP + 8MP Dual Front Camera4200 mAh Battery5G PhoneQualcomm Snapdragon 865 Processor65W Superdart ChargeBrand Warranty of 1 Year Available for Mobile and 6 Months for Accessories,4.5
60,"LG G Pro 2 (Titan, 16 GB)","₹42,021",3 GB RAM | 16 GB ROM | Expandable Upto 64 GB14.99 cm (5.9 inch) Full HD Display13MP Rear Camera | 2.1MP Front Camera3200 mAh BatteryQualcomm MSM8974 Snapdragon 800 Krait 400 Processor1 Year Manufacturer Warranty,4.2
61,"Motorola Edge 30 Fusion (Cosmic grey, 128 GB)","₹42,999",8 GB RAM | 128 GB ROM16.64 cm (6.55 inch) Full HD+ Display50MP + 13MP + 2MP | 32MP Front Camera4400 mAh Lithium BatteryQualcomm Snapdragon 888 + Processor1 Year on Handset and 6 Months on Accessories,4.6
62,"Apple iPhone 11 (Purple, 64 GB)","₹43,900",64 GB ROM15.49 cm (6.1 inch) Liquid Retina HD Display12MP + 12MP | 12MP Front CameraA13 Bionic Chip Processor1 year warranty for phone and 1 year warranty for in Box Accessories.,4.6
63,"Apple iPhone 8 Plus (Gold, 64 GB)","₹49,900","64 GB ROM13.97 cm (5.5 inch) Retina HD Display12MP + 12MP | 7MP Front CameraA11 Bionic Chip with 64-bit Architecture, Neural Engine, Embedded M11 Motion Coprocessor ProcessorBrand Warranty of 1 Year",4.6
64,"Apple iPhone 8 Plus (Silver, 64 GB)","₹49,900","64 GB ROM13.97 cm (5.5 inch) Retina HD Display12MP + 12MP | 7MP Front CameraA11 Bionic Chip with 64-bit Architecture, Neural Engine, Embedded M11 Motion Coprocessor ProcessorBrand Warranty of 1 Year",4.5
65,"Apple iPhone SE (Black, 128 GB)","₹44,900","128 GB ROM11.94 cm (4.7 inch) Retina HD Display12MP Rear Camera | 7MP Front CameraA13 Bionic Chip with 3rd Gen Neural Engine ProcessorWater and Dust Resistant (1 meter for Upto 30 minutes, IP67)Fast Charge CapableWireless charging (Works with Qi Chargers | Qi Chargers are Sold Separately1 year warranty for phone and 1 year warranty for in Box Accessories.",4.3
66,"Google Pixel 6a (Charcoal, 128 GB)","₹43,999",6 GB RAM | 128 GB ROM15.6 cm (6.14 inch) Full HD+ Display12.2MP + 12MP | 8MP Front Camera4410 mAh BatteryGoogle Tensor Processor1 Year Brand Warranty,4.5
67,"Apple iPhone SE (Red, 128 GB)","₹44,900","128 GB ROM11.94 cm (4.7 inch) Retina HD Display12MP Rear Camera | 7MP Front CameraA13 Bionic Chip with 3rd Gen Neural Engine ProcessorWater and Dust Resistant (1 meter for Upto 30 minutes, IP67)Fast Charge CapableWireless charging (Works with Qi Chargers | Qi Chargers are Sold Separately1 year warranty for phone and 1 year warranty for in Box Accessories.",4.6
68,"Apple iPhone 8 Plus (Space Grey, 64 GB)","₹49,900","64 GB ROM13.97 cm (5.5 inch) Retina HD Display12MP + 12MP | 7MP Front CameraA11 Bionic Chip with 64-bit Architecture, Neural Engine, Embedded M11 Motion Coprocessor ProcessorBrand Warranty of 1 Year",4.4
69,"Apple iPhone SE 3rd Gen (Product (Red), 64 GB)","₹47,600","64 GB ROM11.94 cm (4.7 inch) Retina HD Display12MP Rear Camera | 7MP Front CameraA15 Bionic Chip, 6 Core Processor Processor1 year warranty for phone and 1 year warranty for in Box Accessories.",4.5
70,"Apple iPhone 7 Plus (Gold, 128 GB)","₹42,900",128 GB ROM13.94 cm (5.488 inch) Retina HD Display12MP + 12MP | 7MP Front CameraApple A10 Fusion 64-bit processor and Embedded M10 Motion Co-processorBrand Warranty of 1 Year,4.6
71,"Apple iPhone XR (White, 64 GB) (Includes EarPods, Power Adapter)","₹47,900",64 GB ROM15.49 cm (6.1 inch) Display12MP Rear Camera | 7MP Front CameraA12 Bionic Chip ProcessoriOS 13 Compatible1 year warranty for phone and 1 year warranty for in Box Accessories.,4.5
72,"Apple iPhone SE (Black, 128 GB)","₹44,900","128 GB ROM11.94 cm (4.7 inch) Retina HD Display12MP Rear Camera | 7MP Front CameraA13 Bionic Chip with 3rd Gen Neural Engine ProcessorWater and Dust Resistant (1 meter for Upto 30 minutes, IP67)Fast Charge CapableWireless charging (Works with Qi Chargers | Qi Chargers are Sold Separately1 year warranty for phone and 1 year warranty for in Box Accessories.",4.3
73,"Google Pixel 6a (Charcoal, 128 GB)","₹43,999",6 GB RAM | 128 GB ROM15.6 cm (6.14 inch) Full HD+ Display12.2MP + 12MP | 8MP Front Camera4410 mAh BatteryGoogle Tensor Processor1 Year Brand Warranty,4.5
74,"Apple iPhone SE (Red, 128 GB)","₹44,900","128 GB ROM11.94 cm (4.7 inch) Retina HD Display12MP Rear Camera | 7MP Front CameraA13 Bionic Chip with 3rd Gen Neural Engine ProcessorWater and Dust Resistant (1 meter for Upto 30 minutes, IP67)Fast Charge CapableWireless charging (Works with Qi Chargers | Qi Chargers are Sold Separately1 year warranty for phone and 1 year warranty for in Box Accessories.",4.6
75,"Apple iPhone 8 Plus (Space Grey, 64 GB)","₹49,900","64 GB ROM13.97 cm (5.5 inch) Retina HD Display12MP + 12MP | 7MP Front CameraA11 Bionic Chip with 64-bit Architecture, Neural Engine, Embedded M11 Motion Coprocessor ProcessorBrand Warranty of 1 Year",4.4
76,"Apple iPhone SE 3rd Gen (Product (Red), 64 GB)","₹47,600","64 GB ROM11.94 cm (4.7 inch) Retina HD Display12MP Rear Camera | 7MP Front CameraA15 Bionic Chip, 6 Core Processor Processor1 year warranty for phone and 1 year warranty for in Box Accessories.",4.5
77,"Apple iPhone 7 Plus (Gold, 128 GB)","₹42,900",128 GB ROM13.94 cm (5.488 inch) Retina HD Display12MP + 12MP | 7MP Front CameraApple A10 Fusion 64-bit processor and Embedded M10 Motion Co-processorBrand Warranty of 1 Year,4.6
78,"Apple iPhone XR (White, 64 GB) (Includes EarPods, Power Adapter)","₹47,900",64 GB ROM15.49 cm (6.1 inch) Display12MP Rear Camera | 7MP Front CameraA12 Bionic Chip ProcessoriOS 13 Compatible1 year warranty for phone and 1 year warranty for in Box Accessories.,4.6
79,"Apple iPhone XR (Yellow, 64 GB) (Includes EarPods, Power Adapter)","₹47,900",64 GB ROM15.49 cm (6.1 inch) Display12MP Rear Camera | 7MP Front CameraA12 Bionic Chip ProcessoriOS 13 Compatible1 year warranty for phone and 1 year warranty for in Box Accessories.,4.5
80,"realme GT 6 (Razor Green, 512 GB)","₹37,999",16 GB RAM | 512 GB ROM17.22 cm (6.78 inch) Full HD+ Display50MP + 8MP + 50MP | 32MP Front Camera5500 mAh Battery8s Gen 3 Mobile Platform Processor1 Year Manufacturer Warranty for Device and 6 Months Manufacturer Warranty for Inbox Accessories,4.5
81,"realme GT 6 (Fluid Silver, 512 GB)","₹37,999",16 GB RAM | 512 GB ROM17.22 cm (6.78 inch) Full HD+ Display50MP + 8MP + 50MP | 32MP Front Camera5500 mAh Battery8s Gen 3 Mobile Platform Processor1 Year Manufacturer Warranty for Device and 6 Months Manufacturer Warranty for Inbox Accessories,4.5
82,"vivo V50 5G (Starry Night, 256 GB)","₹36,999",8 GB RAM | 256 GB ROM17.2 cm (6.77 inch) Display50MP + 50MP | 50MP Front Camera6000 mAh Battery7 Gen 3 Processor1 Year Manufacturer Warranty for Device and 6 Months Warranty for Inbox Accessories,4.3
83,"Xiaomi 14 CIVI (Cruise Blue, 256 GB)","₹39,999",8 GB RAM | 256 GB ROM16.64 cm (6.55 inch) Display50MP Rear Camera | 32MP + 32MP Dual Front Camera4700 mAh Battery8s Gen 3 Mobile Platform Processor1 Year Manufacturer Warranty for Phone and 6 Months Warranty for In the Box Accessories,4.4
84,"OPPO Reno13 5G (Luminous Blue, 256 GB)","₹39,999",8 GB RAM | 256 GB ROM16.74 cm (6.59 inch) Display50MP + 8MP + 2MP | 50MP Front Camera5600 mAh BatteryDimensity 8350 Processor1 Year Warranty on Handset and 6 Months Warranty on Accessories,4.5
85,"vivo V30 Pro 5G (Andaman Blue, 512 GB)","₹39,999",12 GB RAM | 512 GB ROM17.22 cm (6.78 inch) Full HD+ Display50MP + 50MP + 50MP | 50MP Front Camera5000 mAh BatteryDimensity 8200 5G Processor1 Year Manufacturer Warranty for Device and 6 Months Manufacturer Warranty for Inbox Accessories,4.4
86,"realme 14 Pro+ 5G (Pearl White, 512 GB)","₹37,999",12 GB RAM | 512 GB ROM17.35 cm (6.83 inch) Display50MP + 50MP + 8MP | 32MP Front Camera6000 mAh Battery7s Gen 3 Mobile Platform Processor1 Year Manufacturer Warranty for Device and 6 Months Manufacturer Warranty for Inbox Accessories,4.5
87,"vivo V50 5G (Rose Red, 256 GB)","₹36,999",8 GB RAM | 256 GB ROM17.2 cm (6.77 inch) Display50MP + 50MP | 50MP Front Camera6000 mAh Battery7 Gen 3 Processor1 Year Manufacturer Warranty for Device and 6 Months Warranty for Inbox Accessories,4.5
88,"vivo V30 Pro 5G (Classic Black, 512 GB)","₹39,999",12 GB RAM | 512 GB ROM17.22 cm (6.78 inch) Full HD+ Display50MP + 50MP + 50MP | 50MP Front Camera5000 mAh BatteryDimensity 8200 5G Processor1 Year Manufacturer Warranty for Device and 6 Months Manufacturer Warranty for Inbox Accessories,4.5
89,"realme GT 6 (Razor Green, 256 GB)","₹37,999",12 GB RAM | 256 GB ROM17.22 cm (6.78 inch) Full HD+ Display50MP + 8MP + 50MP | 32MP Front Camera5500 mAh Battery8s Gen 3 Mobile Platform Processor1 Year Manufacturer Warranty for Device and 6 Months Manufacturer Warranty for Inbox Accessories,4.3
90,"REDMI Note 14 Pro+ 5G (Spectre Blue, 512 GB)","₹35,999",12 GB RAM | 512 GB ROM16.94 cm (6.67 inch) Display50MP + 50MP + 8MP | 20MP Front Camera6200 mAh Battery7s Gen 3 Processor1 Year Manufacturer Warranty for Phone and 6 Months Warranty for In the Box Accessories,4.5
91,"vivo V50 5G (Titanium Grey, 256 GB)","₹36,999",8 GB RAM | 256 GB ROM17.2 cm (6.77 inch) Display50MP + 50MP | 50MP Front Camera6000 mAh Battery7 Gen 3 Processor1 Year Manufacturer Warranty for Device and 6 Months Warranty for Inbox Accessories,4.4
92,"SAMSUNG Galaxy A55 5G (Awesome Navy, 256 GB)","₹36,999",8 GB RAM | 256 GB ROM | Expandable Upto 1 TB16.76 cm (6.6 inch) Full HD+ Display50MP + 12MP + 5MP | 32MP Front Camera5000 mAh BatterySamsung Exynos 1480 Processor1 Year Manufacturer Warranty for Device and 6 Months for In-Box Accessories,4.1
93,"Mi 10T (Lunar Silver, 128 GB)","₹42,999",8 GB RAM | 128 GB ROM16.94 cm (6.67 inch) Full HD+ Display64MP + 13MP + 5MP | 20MP Front Camera5000 mAh Li-ion Polymer BatteryQualcomm Snapdragon 865 Processor144Hz Intelligent AdaptiveSync Display33W Dual Split Flash Charge1 Year Manufacturer Warranty for Device and 6 Months Manufacturer Warranty for In-box Accessories,4.1
94,"IQOO 9T 5G (ALPHA, 128 GB)","₹45,799",8 GB RAM | 128 GB ROM17.22 cm (6.78 inch) Display50MP Rear Camera4700 mAh Battery1 Year,4.6
95,"Apple iPhone XR (Blue, 64 GB) (Includes EarPods, Power Adapter)","₹47,900",64 GB ROM15.49 cm (6.1 inch) Display12MP Rear Camera | 7MP Front CameraA12 Bionic Chip ProcessoriOS 13 Compatible1 year warranty for phone and 1 year warranty for in Box Accessories.,4.6
96,"SAMSUNG Galaxy S23 5G (Lavender, 128 GB)","₹39,999",8 GB RAM | 128 GB ROM15.49 cm (6.1 inch) Full HD+ Display50MP + 10MP + 12MP | 12MP Front Camera3900 mAh Lithium Ion BatteryQualcomm Snapdragon 8 Gen 2 Processor1 Year Manufacturer Warranty for Device and 6 Months Manufacturer Warranty for In-Box Accessories,4.4
97,"SAMSUNG Galaxy A55 5G (Awesome Navy, 256 GB)","₹36,999",8 GB RAM | 256 GB ROM | Expandable Upto 1 TB16.76 cm (6.6 inch) Full HD+ Display50MP + 12MP + 5MP | 32MP Front Camera5000 mAh BatterySamsung Exynos 1480 Processor1 Year Manufacturer Warranty for Device and 6 Months for In-Box Accessories,4.4
98,"SAMSUNG Galaxy A55 5G (Awesome Iceblue, 128 GB)","₹33,999",8 GB RAM | 128 GB ROM | Expandable Upto 1 TB16.76 cm (6.6 inch) Full HD+ Display50MP + 12MP + 5MP | 32MP Front Camera5000 mAh BatterySamsung Exynos 1480 Processor1 Year Manufacturer Warranty for Device and 6 Months for In-Box Accessories,4.4
99,"OPPO Reno13 5G (Ivory White, 256 GB)","₹39,999",8 GB RAM | 256 GB ROM16.74 cm (6.59 inch) Display50MP + 8MP + 2MP | 50MP Front Camera5600 mAh BatteryDimensity 8350 Processor1 Year Warranty on Handset and 6 Months Warranty on Accessories,4.4
100,"OPPO Reno13 5G (Luminous Blue, 128 GB)","₹37,999",8 GB RAM | 128 GB ROM16.74 cm (6.59 inch) Display50MP + 8MP + 2MP | 50MP Front Camera5600 mAh BatteryDimensity 8350 Processor1 Year Warranty on Handset and 6 Months Warranty on Accessories,4.5
101,"SAMSUNG Galaxy A36 5G (Awesome Black, 256 GB)","₹32,999",8 GB RAM | 256 GB ROM17.02 cm (6.7 inch) Full HD+ Display50MP + 8MP | 12MP Front Camera5000 mAh BatteryQualcomm Snapdragon 6 Gen 3 Processor1 Year Manufacturer Warranty for Device and 6 Months for In-Box Accessories,4.3
102,"Xiaomi 14 CIVI (Matcha Green, 256 GB)","₹39,999",8 GB RAM | 256 GB ROM16.64 cm (6.55 inch) Display50MP Rear Camera | 32MP + 32MP Dual Front Camera4700 mAh Battery8s Gen 3 Mobile Platform Processor1 Year Manufacturer Warranty for Phone and 6 Months Warranty for In the Box Accessories,4.5
103,"OnePlus 12R (Iron Gray, 128 GB)","₹34,998",8 GB RAM | 128 GB ROM17.22 cm (6.78 inch) Display50MP Rear Camera5500 mAh Battery1 Year Brand Warranty,4.4
104,"OPPO Reno13 5G (Luminous Blue, 256 GB)","₹39,999",8 GB RAM | 256 GB ROM16.74 cm (6.59 inch) Display50MP + 8MP + 2MP | 50MP Front Camera5600 mAh BatteryDimensity 8350 Processor1 Year Warranty on Handset and 6 Months Warranty on Accessories,4.5
105,"vivo V40 5G (Ganges Blue, 256 GB)","₹36,999",8 GB RAM | 256 GB ROM17.22 cm (6.78 inch) Full HD+ Display50MP + 50MP | 50MP Front Camera5500 mAh BatterySnapdragon 7 Gen 3 Processor1 Year Warranty on Handset and 6 Months Warranty on Accessories,4.4
106,"realme 14 Pro+ 5G (Pearl White, 512 GB)","₹37,999",12 GB RAM | 512 GB ROM17.35 cm (6.83 inch) Display50MP + 50MP + 8MP | 32MP Front Camera6000 mAh Battery7s Gen 3 Mobile Platform Processor1 Year Manufacturer Warranty for Device and 6 Months Manufacturer Warranty for Inbox Accessories,4.4
107,"realme 14 Pro+ 5G (Suede Grey, 512 GB)","₹37,999",12 GB RAM | 512 GB ROM17.35 cm (6.83 inch) Display50MP + 50MP + 8MP | 32MP Front Camera6000 mAh Battery7s Gen 3 Mobile Platform Processor1 Year Manufacturer Warranty for Device and 6 Months Manufacturer Warranty for Inbox Accessories,4.3
108,"OPPO Reno8T 5G (Midnight Black, 128 GB)","₹38,999",8 GB RAM | 128 GB ROM | Expandable Upto 1 TB17.02 cm (6.7 inch) Full HD+ Display108MP + 2MP + 2MP | 32MP Front Camera4800 mAh Lithium-ion Polymer BatteryQualcomm Snapdragon 695 Processor67W SUPERVOOC TM Charger I Dual Stereo Speakers120Hz 3D Curved AMOLED Screen1 Year on Handset and 6 Months on Accessories,4.3
109,"REDMI Note 14 Pro+ 5G (Phantom Purple, 512 GB)","₹35,999",12 GB RAM | 512 GB ROM16.94 cm (6.67 inch) Display50MP + 50MP + 8MP | 20MP Front Camera6200 mAh Battery7s Gen 3 Processor1 Year Manufacturer Warranty for Phone and 6 Months Warranty for In the Box Accessories,4.5
110,"SAMSUNG Galaxy A36 5G (Awesome Lavender, 256 GB)","₹32,999",8 GB RAM | 256 GB ROM17.02 cm (6.7 inch) Full HD+ Display50MP + 8MP | 12MP Front Camera5000 mAh BatteryQualcomm Snapdragon 6 Gen 3 Processor1 Year Manufacturer Warranty for Device and 6 Months for In-Box Accessories,4.3
111,"REDMI Note 14 Pro+ 5G (Titan Black, 512 GB)","₹35,999",12 GB RAM | 512 GB ROM16.94 cm (6.67 inch) Display50MP + 50MP + 8MP | 20MP Front Camera6200 mAh Battery7s Gen 3 Processor1 Year Manufacturer Warranty for Phone and 6 Months Warranty for In the Box Accessories,4.4
112,"OPPO Reno13 5G (Ivory White, 128 GB)","₹37,999",8 GB RAM | 128 GB ROM16.74 cm (6.59 inch) Display50MP + 8MP + 2MP | 50MP Front Camera5600 mAh BatteryDimensity 8350 Processor1 Year Warranty on Handset and 6 Months Warranty on Accessories,4.3
113,"OPPO Reno8T 5G (Sunrise Gold, 128 GB)","₹38,999",8 GB RAM | 128 GB ROM | Expandable Upto 1 TB17.02 cm (6.7 inch) Full HD+ Display108MP + 2MP + 2MP | 32MP Front Camera4800 mAh Lithium-ion Polymer BatteryQualcomm Snapdragon 695 Processor67W SUPERVOOC TM Charger I Dual Stereo Speakers120Hz 3D Curved AMOLED Screen1 Year on Handset and 6 Months on Accessories,4.6
114,"IQOO Neo9 Pro (Conqueror Black, 128 GB)","₹37,990",8 GB RAM | 128 GB ROM17.22 cm (6.78 inch) Display50MP Rear Camera5160 mAh Battery1 Year,4.2
115,"Honor 200 5G (Moonlight White, 512 GB)","₹35,498",12 GB RAM | 512 GB ROM17.02 cm (6.7 inch) Full HD+ Super AMOLED Display50MP + 50MP + 12MP | 50MP Front Camera5200 mAh BatterySnapdragon 7 Gen 3 Processor1 year manufacturer's warranty for handset & 6 months for accessories,4.6
116,"IQOO NEO9 PRO (Fiery Red, 128 GB)","₹36,148",8 GB RAM | 128 GB ROM17.22 cm (6.78 inch) Display50MP Rear Camera5160 mAh Battery1 Year,4.3
117,"OPPO Reno10 Pro 5G (Glossy Purple, 256 GB)","₹37,999",12 GB RAM | 256 GB ROM17.02 cm (6.7 inch) Full HD+ Display50MP + 32MP + 8MP | 32MP Front Camera4600 mAh BatterySnapdragon 778G 5G Processor1 Year Manufacturer Warranty for Phone and 6 Months Warranty for In the Box Accessories,4.3
118,"vivo V25 Pro 5G (Sailing Blue, 128 GB)","₹35,999",8 GB RAM | 128 GB ROM16.66 cm (6.56 inch) Full HD+ Display64MP + 8MP + 2MP | 32MP Front Camera4830 mAh Lithium BatteryMediatek Dimensity 1300 ProcessorColor Changing Fluorite AG Glass Design120 Hz 3D Curve Display1 Year on Handset and 6 Months on Accessories,4.4
119,"OPPO Reno 12 Pro 5G (Space Brown, 256 GB)","₹36,999",12 GB RAM | 256 GB ROM | Expandable Upto 1 TB17.02 cm (6.7 inch) Full HD+ Display50MP + 8MP + 50MP | 50MP Front Camera5000 mAh BatteryDimensity 7300 Energy Processor1 Year Manufacturer Warranty for Device and 6 Months Manufacturer Warranty for Inbox Accessories,4.4
120,"OnePlus Nord 3 5G (Misty Green, 256 GB)","₹37,490",16 GB RAM | 256 GB ROM17.12 cm (6.74 inch) Display50MP Rear Camera5000 mAh BatteryDomestic 1 Year of Device & 6 Months for In-Box Accessories,4.3
121,"SAMSUNG Galaxy A54 5G (Awesome White, 256 GB)","₹38,132","8 GB RAM | 256 GB ROM | Expandable Upto 1 TB16.26 cm (6.4 inch) Full HD+ Display50MP + 12MP + 5MP | 32MP Front Camera5000 mAh BatteryExynos 1380, Octa Core Processor1 Year Manufacturer Warranty for Device and 6 Months Manufacturer Warranty for In-Box Accessories",4.3
122,"REDMI Note 14 Pro+ 5G (Titan Black, 512 GB)","₹35,999",12 GB RAM | 512 GB ROM16.94 cm (6.67 inch) Display50MP + 50MP + 8MP | 20MP Front Camera6200 mAh Battery7s Gen 3 Processor1 Year Manufacturer Warranty for Phone and 6 Months Warranty for In the Box Accessories,4.3
123,"REDMI Note 14 Pro+ 5G (Spectre Blue, 512 GB)","₹35,999",12 GB RAM | 512 GB ROM16.94 cm (6.67 inch) Display50MP + 50MP + 8MP | 20MP Front Camera6200 mAh Battery7s Gen 3 Processor1 Year Manufacturer Warranty for Phone and 6 Months Warranty for In the Box Accessories,4.6
124,"IQOO NEO9 PRO (Fiery Red, 128 GB)","₹35,490",8 GB RAM | 128 GB ROM17.22 cm (6.78 inch) Display50MP Rear Camera5160 mAh Battery1 Year,4.3
125,"OPPO Reno10 Pro 5G (Silvery Grey, 256 GB)","₹37,999",12 GB RAM | 256 GB ROM17.02 cm (6.7 inch) Full HD+ Display50MP + 32MP + 8MP | 32MP Front Camera4600 mAh BatterySnapdragon 778G 5G Processor1 Year Manufacturer Warranty for Phone and 6 Months Warranty for In the Box Accessories,4.4
126,"OnePlus 11 5G (Eternal Green, 128 GB)","₹34,999",8 GB RAM | 128 GB ROM17.02 cm (6.7 inch) Display50MP Rear Camera5000 mAh Batterydomestic warranty of 12 months on phone & 6 months on accessories,4.1
127,"Mi 10T (Cosmic Black, 128 GB)","₹37,999",8 GB RAM | 128 GB ROM16.94 cm (6.67 inch) Full HD+ Display64MP + 13MP + 5MP | 20MP Front Camera5000 mAh Li-ion Polymer BatteryQualcomm Snapdragon 865 Processor144Hz Intelligent AdaptiveSync Display33W Dual Split Flash Charge1 Year Manufacturer Warranty for Device and 6 Months Manufacturer Warranty for In-box Accessories,4.3
128,"Xiaomi 14 CIVI (Cruise Blue, 256 GB)","₹39,999",8 GB RAM | 256 GB ROM16.64 cm (6.55 inch) Display50MP Rear Camera | 32MP + 32MP Dual Front Camera4700 mAh Battery8s Gen 3 Mobile Platform Processor1 Year Manufacturer Warranty for Phone and 6 Months Warranty for In the Box Accessories,4.3
129,"SAMSUNG Galaxy A54 5G (Awesome Lime, 256 GB)","₹37,499","8 GB RAM | 256 GB ROM | Expandable Upto 1 TB16.26 cm (6.4 inch) Full HD+ Display50MP + 12MP + 5MP | 32MP Front Camera5000 mAh BatteryExynos 1380, Octa Core Processor1 Year Manufacturer Warranty for Device and 6 Months Manufacturer Warranty for In-Box Accessories",4.4
130,"SAMSUNG Galaxy A55 5G (Awesome Iceblue, 128 GB)","₹39,995",8 GB RAM | 128 GB ROM | Expandable Upto 1 TB16.76 cm (6.6 inch) Full HD+ Display50MP + 12MP + 5MP | 32MP Front Camera5000 mAh BatterySamsung Exynos 1480 Processor1 Year Manufacturer Warranty for Device and 6 Months for In-Box Accessories,4.5
131,"vivo V29 Pro 5G (Black, 256 GB)","₹39,999",8 GB RAM | 256 GB ROM17.22 cm (6.78 inch) Full HD+ AMOLED Display50MP + 12MP + 8MP | 50MP Front Camera4600 mAh BatteryDimensity 8200 Processor1 Year Manufacturer Warranty for Phone and 6 Months Warranty for In the Box Accessories,4.4
132,"OnePlus 11 5G (Eternal Green, 128 GB)","₹34,989",8 GB RAM | 128 GB ROM17.02 cm (6.7 inch) Display50MP Rear Camera | 16MP Front Camera5000 mAh Batterydomestic warranty of 12 months on phone & 6 months on accessories,4.4
133,"OnePlus 11 5G (Titan Black, 128 GB)","₹36,388",8 GB RAM | 128 GB ROM17.02 cm (6.7 inch) Display50MP Rear Camera5000 mAh Batterydomestic warranty of 12 months on phone & 6 months on accessories,4.5
134,"vivo V29 Pro 5G (Blue, 256 GB)","₹38,768",12 GB RAM | 256 GB ROM17.22 cm (6.78 inch) Full HD+ AMOLED Display50MP + 12MP + 8MP | 50MP Front Camera4600 mAh BatteryDimensity 8200 Processor1 Year Manufacturer Warranty for Phone and 6 Months Warranty for In the Box Accessories,4.5
135,"OnePlus 11R 5G (Galactic Silver, 128 GB)","₹31,999",8 GB RAM | 128 GB ROM17.02 cm (6.7 inch) Display50MP Rear Camera5000 mAh BatteryDomestic warranty of 12 months on phone & 6 months on accessories,4.5
136,"SAMSUNG Galaxy A36 5G (Awesome White, 256 GB)","₹32,999",8 GB RAM | 256 GB ROM17.02 cm (6.7 inch) Full HD+ Display50MP + 8MP | 12MP Front Camera5000 mAh BatteryQualcomm Snapdragon 6 Gen 3 Processor1 Year Manufacturer Warranty for Device and 6 Months for In-Box Accessories,4.3
137,"REDMI Note 13 Pro+ 5G (Fusion White, 256 GB)","₹28,980",8 GB RAM | 256 GB ROM16.94 cm (6.67 inch) Display200MP (OIS) + 8MP + 2MP | 16MP Front Camera5000 mAh BatteryDimensity 7200 Ultra 5G Processor1 Year Manufacturer Warranty for Phone and 6 Months Warranty for In the Box Accessories,4.5
138,"vivo V30 5G (Peacock Green, 256 GB)","₹35,700",12 GB RAM | 256 GB ROM17.22 cm (6.78 inch) Full HD+ Display50MP + 50MP | 50MP Front Camera5000 mAh Battery7 Gen 3 Processor1 Year Manufacturer Warranty for Device and 6 Months Manufacturer Warranty for Inbox Accessories,4.3
139,"SAMSUNG Galaxy A35 5G (Awesome Lilac, 256 GB)","₹36,999",8 GB RAM | 256 GB ROM | Expandable Upto 1 TB16.76 cm (6.6 inch) Full HD+ Display50MP + 8MP + 5MP | 13MP Front Camera5000 mAh BatterySamsung Exynos 1380 Processor1 Year Manufacturer Warranty for Device and 6 Months for In-Box Accessories,4.5
140,"OnePlus 11R 5G (Galactic Silver, 256 GB)","₹38,700",16 GB RAM | 256 GB ROM17.02 cm (6.7 inch) Display50MP Rear Camera | 16MP Front Camera5000 mAh BatteryDomestic warranty of 12 months on phone & 6 months on accessories,4.4
141,"SAMSUNG Galaxy S23 FE (Mint, 256 GB)","₹32,999",8 GB RAM | 256 GB ROM16.26 cm (6.4 inch) Full HD+ Display50MP + 12MP | 10MP Front Camera4500 mAh BatterySamsung Exynos 2200 Processor1 Year Manufacturer Warranty for Device and 6 Months for In-Box Accessories,4.3
142,"vivo V25 Pro 5G (Sailing Blue, 128 GB)","₹35,999",8 GB RAM | 128 GB ROM16.66 cm (6.56 inch) Full HD+ Display64MP + 8MP + 2MP | 32MP Front Camera4830 mAh Lithium BatteryMediatek Dimensity 1300 ProcessorColor Changing Fluorite AG Glass Design120 Hz 3D Curve Display1 Year on Handset and 6 Months on Accessories,4.3
143,"vivo V25 Pro 5G (Pure Black, 128 GB)","₹35,999",8 GB RAM | 128 GB ROM16.66 cm (6.56 inch) Full HD+ Display64MP + 8MP + 2MP | 32MP Front Camera4830 mAh Lithium BatteryMediatek Dimensity 1300 ProcessorColor Changing Fluorite AG Glass Design120 Hz 3D Curve Display1 Year on Handset and 6 Months on Accessories,4.4
144,"SAMSUNG Galaxy S23 FE (Mint, 256 GB)","₹32,999",8 GB RAM | 256 GB ROM16.26 cm (6.4 inch) Full HD+ Display50MP + 12MP | 10MP Front Camera4500 mAh BatterySamsung Exynos 2200 Processor1 Year Manufacturer Warranty for Device and 6 Months for In-Box Accessories,4.5
145,"OPPO Reno10 Pro+ 5G (Silvery Grey, 256 GB)","₹54,999",12 GB RAM | 256 GB ROM17.12 cm (6.74 inch) Full HD+ Display50MP + 64MP + 8MP | 32MP Front Camera4700 mAh BatterySnapdragon 8+ Gen 1 Processor1 Year Manufacturer Warranty for Phone and 6 Months Warranty for In the Box Accessories,4.1
146,"Xiaomi 12 Pro 5G (Noir Black, 256 GB)","₹39,999",8 GB RAM | 256 GB ROM17.09 cm (6.73 inch) Full HD+ Display50MP + 50MP + 50MP | 32MP Front Camera4600 mAh Lithium Polymer BatterySnapdragon 8 Gen 1 Processor1 Year Manufacturer Warranty for Phone and 6 Months Warranty for In the Box Accessories,4.2
147,"OnePlus 10 Pro 5G (Volcanic Black, 128 GB)","₹39,000",8 GB RAM | 128 GB ROM17.02 cm (6.7 inch) Display48MP Rear Camera5000 mAh Battery1 Year Manufacturer Warranty for Handset and 6 Months Warranty for In the Box Accessories,4.3
148,"OPPO Reno8 5G (Shimmer Black, 128 GB)","₹26,999",8 GB RAM | 128 GB ROM16.33 cm (6.43 inch) Full HD Display50MP + 8MP + 2MP | 32MP Front Camera4500 mAh Lithium-ion Polymer BatteryMediatek Dimensity 1300 Processor1 Year Warranty for Phone and 6 Months Warranty for In-Box Accessories,4.5
149,"IQOO 3 (Quantum Silver, 128 GB)","₹37,990","8 GB RAM | 128 GB ROM16.36 cm (6.44 inch) Full HD+ Display48MP + 13MP + 13MP + 2MP | 16MP Front Camera4440 mAh Li-ion BatteryQualcomm Snapdragon 865 ProcessorIn-Display Fingerprint Sensor, Monster Touch Buttons55 W Super Flash ChargeSuper AMOLED DisplayBrand Warranty of 1 Year Available for Mobile and Accessories",4.5
150,"vivo V30 5G (Peacock Green, 256 GB)","₹35,700",12 GB RAM | 256 GB ROM17.22 cm (6.78 inch) Full HD+ Display50MP + 50MP | 50MP Front Camera5000 mAh Battery7 Gen 3 Processor1 Year Manufacturer Warranty for Device and 6 Months Manufacturer Warranty for Inbox Accessories,4.2
151,"Mi 10T Pro (Cosmic Black, 128 GB)","₹39,999",8 GB RAM | 128 GB ROM16.94 cm (6.67 inch) Full HD+ Display108MP + 13MP + 5MP | 20MP Front Camera5000 mAh Li-ion Polymer BatteryQualcomm Snapdragon 865 Processor144Hz Intelligent AdaptiveSync Display33W Dual Split Flash Charge1 Year Manufacturer Warranty for Device and 6 Months Manufacturer Warranty for In-box Accessories,4.3
152,"Mi Mix 2 (Black, 128 GB)","₹37,999",6 GB RAM | 128 GB ROM15.21 cm (5.99 inch) Full HD+ Display12MP Rear Camera | 5MP Front Camera3400 mAh Li-polymer BatteryQualcomm Snapdragon 835 Octa Core 2.5 GHz ProcessorBrand Warranty of 1 Year Available for Mobile and 6 Months for Accessories,4.3
153,"OnePlus 10R (Forest Green, 128 GB)","₹29,499",8 GB RAM | 128 GB ROM17.02 cm (6.7 inch) Display50MP Rear Camera | 16MP Front Camera5000 mAh Battery1 Year Manufacturer Warranty for Handset and 6 Months Warranty for In the Box Accessories,4
154,"OnePlus 9RT 5G (Hacker Black, 256 GB)","₹36,999",12 GB RAM | 256 GB ROM16.81 cm (6.62 inch) Display50MP Rear Camera4500 mAh Battery12 months,4.6
155,"realme X2 Pro (Neptune Blue, 256 GB)","₹35,999",12 GB RAM | 256 GB ROM16.51 cm (6.5 inch) Full HD+ Display64MP + 13MP + 8MP + 2MP | 16MP Front Camera4000 mAh BatteryQualcomm Snapdragon 855 Plus Processor90 Hz Ultra Smooth Display50W Super Vooc Flash Charge20X Hybrid ZoomBrand Warranty of 1 Year Available for Mobile and 6 Months for Accessories,4.5
156,"Apple iPhone SE (Black, 64 GB)","₹39,900","64 GB ROM11.94 cm (4.7 inch) Retina HD Display12MP Rear Camera | 7MP Front CameraA13 Bionic Chip with 3rd Gen Neural Engine ProcessorWater and Dust Resistant (1 meter for Upto 30 minutes, IP67)Fast Charge CapableWireless charging (Works with Qi Chargers | Qi Chargers are Sold Separately1 year warranty for phone and 1 year warranty for in Box Accessories.",4.3
157,"vivo X50 (Glaze Black, 128 GB)","₹39,990",8 GB RAM | 128 GB ROM16.66 cm (6.56 inch) Full HD+ E3 Super AMOLED Display48MP + 13MP + 8MP + 5MP | 32MP Front Camera4200 mAh Lithium-ion BatteryQualcomm Snapdragon 730 Processor33W Vivo FlashCharge 2.01 Year for Handset and 6 Months for In-box Accessories,4.5
158,"vivo T4x 5G (Pronto Purple, 256 GB)","₹16,999",8 GB RAM | 256 GB ROM17.07 cm (6.72 inch) Display50MP + 2MP | 8MP Front Camera6500 mAh BatteryDimensity 7300 5G Processor1 Year Warranty for Device and 6 Months Warranty for Accessories,4.4
159,"Motorola g45 5G (Brilliant Green, 128 GB)","₹11,999",8 GB RAM | 128 GB ROM | Expandable Upto 1 TB16.51 cm (6.5 inch) HD+ Display50MP + 2MP | 16MP Front Camera5000 mAh BatterySnapdragon 6s Gen 3 Processor1 Year Warranty on Handset and 6 Months Warranty on Accessories,4.5
160,"OPPO K12x 5G with 45W SUPERVOOC Charger In-The-Box (Midnight Violet, 128 GB)","₹12,999",6 GB RAM | 128 GB ROM | Expandable Upto 1 TB16.94 cm (6.67 inch) HD Display32MP + 2MP | 8MP Front Camera5100 mAh BatteryDimensity 6300 Processor1 Year Manufacturer Warranty for Device and 6 Months Manufacturer Warranty for Inbox Accessories,4.3
161,"Motorola g45 5G (Brilliant Green, 128 GB)","₹10,999",4 GB RAM | 128 GB ROM | Expandable Upto 1 TB16.51 cm (6.5 inch) HD+ Display50MP + 2MP | 16MP Front Camera5000 mAh BatterySnapdragon 6s Gen 3 Processor1 Year Warranty on Handset and 6 Months Warranty on Accessories,4.5
162,"vivo T4x 5G (Marine Blue, 256 GB)","₹16,999",8 GB RAM | 256 GB ROM17.07 cm (6.72 inch) Display50MP + 2MP | 8MP Front Camera6500 mAh BatteryDimensity 7300 5G Processor1 Year Warranty for Device and 6 Months Warranty for Accessories,4.5
163,"vivo T4x 5G (Pronto Purple, 128 GB)","₹14,999",8 GB RAM | 128 GB ROM17.07 cm (6.72 inch) Display50MP + 2MP | 8MP Front Camera6500 mAh BatteryDimensity 7300 5G Processor1 Year Warranty for Device and 6 Months Warranty for Accessories,4.5
164,"vivo T4x 5G (Marine Blue, 128 GB)","₹14,999",8 GB RAM | 128 GB ROM17.07 cm (6.72 inch) Display50MP + 2MP | 8MP Front Camera6500 mAh BatteryDimensity 7300 5G Processor1 Year Warranty for Device and 6 Months Warranty for Accessories,4.4
165,"Motorola g45 5G (Brilliant Blue, 128 GB)","₹11,999",8 GB RAM | 128 GB ROM | Expandable Upto 1 TB16.51 cm (6.5 inch) HD+ Display50MP + 2MP | 16MP Front Camera5000 mAh BatterySnapdragon 6s Gen 3 Processor1 Year Warranty on Handset and 6 Months Warranty on Accessories,4.2
166,"SAMSUNG Galaxy F05 (Twilight Blue, 64 GB)","₹6,499",4 GB RAM | 64 GB ROM | Expandable Upto 1 TB17.12 cm (6.74 inch) HD+ Display50MP + 2MP | 8MP Front Camera5000 mAh BatteryHelio G85 Processor1 Year Manufacturer Warranty for Device and 6 Months for In-Box Accessories,4.5
167,"vivo T4x 5G (Marine Blue, 128 GB)","₹13,999",6 GB RAM | 128 GB ROM17.07 cm (6.72 inch) Display50MP + 2MP | 8MP Front Camera6500 mAh BatteryDimensity 7300 5G Processor1 Year Warranty for Device and 6 Months Warranty for Accessories,4.5
168,"vivo T4x 5G (Pronto Purple, 128 GB)","₹13,999",6 GB RAM | 128 GB ROM17.07 cm (6.72 inch) Display50MP + 2MP | 8MP Front Camera6500 mAh BatteryDimensity 7300 5G Processor1 Year Warranty for Device and 6 Months Warranty for Accessories,4.5
169,"OPPO K12x 5G with 45W SUPERVOOC Charger In-The-Box (Breeze Blue, 128 GB)","₹12,999",6 GB RAM | 128 GB ROM | Expandable Upto 1 TB16.94 cm (6.67 inch) HD Display32MP + 2MP | 8MP Front Camera5100 mAh BatteryDimensity 6300 Processor1 Year Manufacturer Warranty for Device and 6 Months Manufacturer Warranty for Inbox Accessories,4.5
170,"Motorola Edge 50 Fusion (Forest Blue, 128 GB)","₹19,999",8 GB RAM | 128 GB ROM17.02 cm (6.7 inch) Full HD+ Display50MP + 13MP | 32MP Front Camera5000 mAh Battery7s Gen 2 Processor1 Year on Handset and 6 Months on Accessories,4.5
171,"Motorola Edge 50 Fusion (Marshmallow Blue, 128 GB)","₹19,999",8 GB RAM | 128 GB ROM17.02 cm (6.7 inch) Full HD+ Display50MP + 13MP | 32MP Front Camera5000 mAh Battery7s Gen 2 Processor1 Year on Handset and 6 Months on Accessories,4.4
172,"OPPO K12x 5G with 45W SUPERVOOC Charger In-The-Box (Midnight Violet, 256 GB)","₹15,999",8 GB RAM | 256 GB ROM | Expandable Upto 1 TB16.94 cm (6.67 inch) HD Display32MP + 2MP | 8MP Front Camera5100 mAh BatteryDimensity 6300 Processor1 Year Manufacturer Warranty for Device and 6 Months Manufacturer Warranty for Inbox Accessories,4.4
173,"Motorola G85 5G (Olive Green, 128 GB)","₹17,999",8 GB RAM | 128 GB ROM16.94 cm (6.67 inch) Full HD+ Display50MP + 8MP | 32MP Front Camera5000 mAh Battery6s Gen 3 Processor1 Year on Handset and 6 Months on Accessories,4.3
174,"Motorola g45 5G (Brilliant Blue, 128 GB)","₹10,999",4 GB RAM | 128 GB ROM | Expandable Upto 1 TB16.51 cm (6.5 inch) HD+ Display50MP + 2MP | 16MP Front Camera5000 mAh BatterySnapdragon 6s Gen 3 Processor1 Year Warranty on Handset and 6 Months Warranty on Accessories,4.5
175,"OPPO K12x 5G with 45W SUPERVOOC Charger In-The-Box (Feather Pink, 128 GB)","₹12,999",6 GB RAM | 128 GB ROM | Expandable Upto 1 TB16.94 cm (6.67 inch) HD Display32MP + 2MP | 8MP Front Camera5100 mAh BatteryDimensity 6300 Processor1 Year Manufacturer Warranty for Device and 6 Months Manufacturer Warranty for Inbox Accessories,4.4
176,"Motorola G85 5G (Olive Green, 256 GB)","₹19,999",12 GB RAM | 256 GB ROM16.94 cm (6.67 inch) Full HD+ Display50MP + 8MP | 32MP Front Camera5000 mAh Battery6s Gen 3 Processor1 Year on Handset and 6 Months on Accessories,4.4
177,"Motorola Edge 50 Fusion (Marshmallow Blue, 256 GB)","₹22,999",12 GB RAM | 256 GB ROM17.02 cm (6.7 inch) Full HD+ Display50MP + 13MP | 32MP Front Camera5000 mAh Battery7s Gen 2 Processor1 Year on Handset and 6 Months on Accessories,4.3
178,"MOTOROLA g05 (Forest Green, 64 GB)","₹6,999",4 GB RAM | 64 GB ROM | Expandable Upto 1 TB16.94 cm (6.67 inch) HD+ Display50MP Rear Camera | 8MP Front Camera5200 mAh BatteryHelio G81 Processor1 Year Warranty on Handset and 6 Months Warranty on Accessories,4.4
179,"SAMSUNG Galaxy M35 5G (DayBreak Blue, 128 GB)","₹14,547",6 GB RAM | 128 GB ROM16.76 cm (6.6 inch) Display50MP Rear Camera6000 mAh Battery1 YEAR,4.3
180,"POCO M7 5G (Mint Green, 128 GB)","₹9,999",6 GB RAM | 128 GB ROM | Expandable Upto 1 TB17.48 cm (6.88 inch) HD+ Display50MP Rear Camera | 8MP Front Camera5160 mAh Battery4 Gen 2 5G Processor1 Year Manufacturer Warranty for Phone and 6 Months Warranty for In the Box Accessories,4.3
181,"POCO C75 5G (Silver Stardust, 64 GB)","₹7,999",4 GB RAM | 64 GB ROM | Expandable Upto 1 TB17.48 cm (6.88 inch) HD+ Display50MP Rear Camera | 5MP Front Camera5160 mAh Battery4s Gen 2 5G Processor1 Year Manufacturer Warranty for Phone and 6 Months Warranty for In the Box Accessories,4.4
182,"CMF by Nothing Phone 1 (Light Green, 128 GB)","₹15,999",6 GB RAM | 128 GB ROM | Expandable Upto 2 TB16.94 cm (6.67 inch) Full HD+ Display50MP + 2MP | 16MP Front Camera5000 mAh BatteryDimensity 7300 5G Processor1 Year Manufacturing Warranty,4.4
183,"CMF by Nothing Phone 1 (Orange, 128 GB)","₹15,999",6 GB RAM | 128 GB ROM | Expandable Upto 1 TB16.94 cm (6.67 inch) Full HD+ Display50MP + 2MP | 16MP Front Camera5000 mAh BatteryDimensity 7300 5G Processor1 Year Manufacturing Warranty,4.4
184,"Motorola Edge 50 Fusion (Forest Blue, 256 GB)","₹22,999",12 GB RAM | 256 GB ROM17.02 cm (6.7 inch) Full HD+ Display50MP + 13MP | 32MP Front Camera5000 mAh Battery7s Gen 2 Processor1 Year on Handset and 6 Months on Accessories,4.4
185,"CMF by Nothing Phone 1 (Blue, 128 GB)","₹15,999",6 GB RAM | 128 GB ROM | Expandable Upto 2 TB16.94 cm (6.67 inch) Full HD+ Display50MP + 2MP | 16MP Front Camera5000 mAh BatteryDimensity 7300 5G Processor1 Year Manufacturing Warranty,4.4
186,"OPPO K12x 5G with 45W SUPERVOOC Charger In-The-Box (Feather Pink, 256 GB)","₹15,999",8 GB RAM | 256 GB ROM | Expandable Upto 1 TB16.94 cm (6.67 inch) HD Display32MP + 2MP | 8MP Front Camera5100 mAh BatteryDimensity 6300 Processor1 Year Manufacturer Warranty for Device and 6 Months Manufacturer Warranty for Inbox Accessories,4.3
187,"POCO C75 5G (Aqua Bliss, 64 GB)","₹7,999",4 GB RAM | 64 GB ROM | Expandable Upto 1 TB17.48 cm (6.88 inch) HD+ Display50MP Rear Camera | 5MP Front Camera5160 mAh Battery4s Gen 2 5G Processor1 Year Manufacturer Warranty for Phone and 6 Months Warranty for In the Box Accessories,4.4
188,"Motorola G85 5G (Cobalt Blue, 128 GB)","₹17,999",8 GB RAM | 128 GB ROM16.94 cm (6.67 inch) Full HD+ Display50MP + 8MP | 32MP Front Camera5000 mAh Battery6s Gen 3 Processor1 Year on Handset and 6 Months on Accessories,4.4
189,"CMF by Nothing Phone 1 (Black, 128 GB)","₹15,999",6 GB RAM | 128 GB ROM | Expandable Upto 2 TB16.94 cm (6.67 inch) Full HD+ Display50MP + 2MP | 16MP Front Camera5000 mAh BatteryDimensity 7300 5G Processor1 Year Manufacturing Warranty,4.4
190,"CMF by Nothing Phone 1 (Blue, 128 GB)","₹17,999",8 GB RAM | 128 GB ROM | Expandable Upto 2 TB16.94 cm (6.67 inch) Full HD+ Display50MP + 2MP | 16MP Front Camera5000 mAh BatteryDimensity 7300 5G Processor1 Year Manufacturing Warranty,4.4
191,"OPPO K12x 5G with 45W SUPERVOOC Charger In-The-Box (Breeze Blue, 256 GB)","₹15,999",8 GB RAM | 256 GB ROM | Expandable Upto 1 TB16.94 cm (6.67 inch) HD Display32MP + 2MP | 8MP Front Camera5100 mAh BatteryDimensity 6300 Processor1 Year Manufacturer Warranty for Device and 6 Months Manufacturer Warranty for Inbox Accessories,4.2
192,"POCO C61  - Locked with Airtel Prepaid (Diamond Dust Black, 64 GB)","₹5,399",4 GB RAM | 64 GB ROM | Expandable Upto 1 TB17.04 cm (6.71 inch) HD+ Display8MP Rear Camera | 5MP Front Camera5000 mAh BatteryHelio G36 Processor1 Year Manufacturer Warranty for Phone and 6 Months Warranty for In the Box Accessories,4.4
193,"Motorola g45 5G (Viva Magenta, 128 GB)","₹11,999",8 GB RAM | 128 GB ROM | Expandable Upto 1 TB16.51 cm (6.5 inch) HD+ Display50MP + 2MP | 16MP Front Camera5000 mAh BatterySnapdragon 6s Gen 3 Processor1 Year Warranty on Handset and 6 Months Warranty on Accessories,4.6
194,"Apple iPhone 16 (White, 128 GB)","₹74,900","128 GB ROM15.49 cm (6.1 inch) Super Retina XDR Display48MP + 12MP | 12MP Front CameraA18 Chip, 6 Core Processor Processor1 year warranty for phone and 1 year warranty for in Box Accessories.",4.4
195,"Motorola G85 5G (Cobalt Blue, 256 GB)","₹19,999",12 GB RAM | 256 GB ROM16.94 cm (6.67 inch) Full HD+ Display50MP + 8MP | 32MP Front Camera5000 mAh Battery6s Gen 3 Processor1 Year on Handset and 6 Months on Accessories,4.3
196,"POCO M7 5G (Ocean Blue, 128 GB)","₹9,999",6 GB RAM | 128 GB ROM | Expandable Upto 1 TB17.48 cm (6.88 inch) HD+ Display50MP Rear Camera | 8MP Front Camera5160 mAh Battery4 Gen 2 5G Processor1 Year Manufacturer Warranty for Phone and 6 Months Warranty for In the Box Accessories,4.7
197,"SAMSUNG Galaxy S25 Ultra 5G (Titanium Black, 256 GB)","₹1,29,999",12 GB RAM | 256 GB ROM17.53 cm (6.9 inch) Quad HD+ Display200MP + 50MP + 50MP + 10MP | 12MP Front Camera5000 mAh Battery8 Elite for Galaxy Processor1 Year Manufacturer Warranty for Device and 6 Months for In-Box Accessories,4.4
198,"CMF by Nothing Phone 1 (Light Green, 128 GB)","₹17,999",8 GB RAM | 128 GB ROM | Expandable Upto 2 TB16.94 cm (6.67 inch) Full HD+ Display50MP + 2MP | 16MP Front Camera5000 mAh BatteryDimensity 7300 5G Processor1 Year Manufacturing Warranty,4.4
199,"vivo T3 5G (Cosmic Blue, 128 GB)","₹18,499",8 GB RAM | 128 GB ROM16.94 cm (6.67 inch) Full HD+ Display50MP + 2MP | 16MP Front Camera5000 mAh BatteryDimensity 7200 Processor1 Year Manufacturer Warranty for Device and 6 Months Manufacturer Warranty for Inbox Accessories,4.6
200,"Apple iPhone 16 (Black, 256 GB)","₹84,900","256 GB ROM15.49 cm (6.1 inch) Super Retina XDR Display48MP + 12MP | 12MP Front CameraA18 Chip, 6 Core Processor Processor1 year warranty for phone and 1 year warranty for in Box Accessories.",4.7
201,"SAMSUNG Galaxy S25 Ultra 5G (Titanium Black, 512 GB)","₹1,41,999",12 GB RAM | 512 GB ROM17.53 cm (6.9 inch) Quad HD+ Display200MP + 50MP + 50MP + 10MP | 12MP Front Camera5000 mAh Battery8 Elite for Galaxy Processor1 Year Manufacturer Warranty for Device and 6 Months for In-Box Accessories,4.5
202,"Motorola Edge 50 Fusion (Forest Green, 128 GB)","₹19,999",8 GB RAM | 128 GB ROM17.02 cm (6.7 inch) Full HD+ Display50MP + 13MP | 32MP Front Camera5000 mAh Battery7s Gen 2 Processor1 Year on Handset and 6 Months on Accessories,4.5
203,"Nothing Phone (3a) (White, 256 GB)","₹26,999",8 GB RAM | 256 GB ROM17.2 cm (6.77 inch) Full HD+ Display50MP (Main) + 50MP (2X Tele Photo) + 8MP (Ultra-Wide) | 32MP Front Camera5000 mAh Battery7s Gen3 Processor1 Year Manufacturing Warranty,4.5
204,"Nothing Phone (3a) (Black, 256 GB)","₹26,999",8 GB RAM | 256 GB ROM17.2 cm (6.77 inch) Full HD+ Display50MP (Main) + 50MP (2X Tele Photo) + 8MP (Ultra-Wide) | 32MP Front Camera5000 mAh Battery7s Gen3 Processor1 Year Manufacturing Warranty,4.6
205,"Apple iPhone 16 (Black, 128 GB)","₹74,900","128 GB ROM15.49 cm (6.1 inch) Super Retina XDR Display48MP + 12MP | 12MP Front CameraA18 Chip, 6 Core Processor Processor1 year warranty for phone and 1 year warranty for in Box Accessories.",4.6
206,"Apple iPhone 16 Plus (Black, 128 GB)","₹84,900","128 GB ROM17.02 cm (6.7 inch) Super Retina XDR Display48MP + 12MP | 12MP Front CameraA18 Chip, 6 Core Processor Processor1 year warranty for phone and 1 year warranty for in Box Accessories.",4.3
207,"POCO C75 5G (Enchanted Green, 64 GB)","₹7,999",4 GB RAM | 64 GB ROM | Expandable Upto 1 TB17.48 cm (6.88 inch) HD+ Display50MP Rear Camera | 5MP Front Camera5160 mAh Battery4s Gen 2 5G Processor1 Year Manufacturer Warranty for Phone and 6 Months Warranty for In the Box Accessories,4.4
208,"vivo T3 5G (Cosmic Blue, 256 GB)","₹20,499",8 GB RAM | 256 GB ROM16.94 cm (6.67 inch) Full HD+ Display50MP + 2MP | 16MP Front Camera5000 mAh BatteryDimensity 7200 Processor1 Year Manufacturer Warranty for Device and 6 Months Manufacturer Warranty for Inbox Accessories,4.5
209,"Nothing Phone (3a) (Black, 128 GB)","₹24,999",8 GB RAM | 128 GB ROM17.2 cm (6.77 inch) Full HD+ Display50MP (Main) + 50MP (2X Tele Photo) + 8MP (Ultra-Wide) | 32MP Front Camera5000 mAh Battery7s Gen3 Processor1 Year Manufacturing Warranty,4.5
210,"Nothing Phone (3a) (White, 128 GB)","₹24,999",8 GB RAM | 128 GB ROM17.2 cm (6.77 inch) Full HD+ Display50MP (Main) + 50MP (2X Tele Photo) + 8MP (Ultra-Wide) | 32MP Front Camera5000 mAh Battery7s Gen3 Processor1 Year Manufacturing Warranty,4.5
211,"Nothing Phone (3a) (Blue, 128 GB)","₹24,999",8 GB RAM | 128 GB ROM17.2 cm (6.77 inch) Full HD+ Display50MP (Main) + 50MP (2X Tele Photo) + 8MP (Ultra-Wide) | 32MP Front Camera5000 mAh Battery7s Gen3 Processor1 Year Manufacturing Warranty,4.6
212,"Apple iPhone 16 Plus (Black, 512 GB)","₹1,14,900","512 GB ROM17.02 cm (6.7 inch) Super Retina XDR Display48MP + 12MP | 12MP Front CameraA18 Chip, 6 Core Processor Processor1 year warranty for phone and 1 year warranty for in Box Accessories.",4.3
213,"Motorola g45 5G (Viva Magenta, 128 GB)","₹10,999",4 GB RAM | 128 GB ROM | Expandable Upto 1 TB16.51 cm (6.5 inch) HD+ Display50MP + 2MP | 16MP Front Camera5000 mAh BatterySnapdragon 6s Gen 3 Processor1 Year Warranty on Handset and 6 Months Warranty on Accessories,4.3
214,"OnePlus 10R 5G (Sierra Black, 256 GB)","₹39,999",12 GB RAM | 256 GB ROM17.02 cm (6.7 inch) Display50MP Rear Camera4500 mAh Battery1 Year Manufacturer Warranty for Handset and 6 Months Warranty for In the Box Accessories,4.1
215,"SAMSUNG A52s 5G (Awesome Black, 128 GB)","₹38,999",6 GB RAM | 128 GB ROM16.51 cm (6.5 inch) Display64MP Rear Camera4500 mAh Battery1 year on phone & 6 months on accessories,4.6
216,"Apple iPhone 16 Plus (Black, 512 GB)","₹1,14,900","512 GB ROM17.02 cm (6.7 inch) Super Retina XDR Display48MP + 12MP | 12MP Front CameraA18 Chip, 6 Core Processor Processor1 year warranty for phone and 1 year warranty for in Box Accessories.",4.4
217,"vivo T3 5G (Crystal Flake, 128 GB)","₹18,499",8 GB RAM | 128 GB ROM16.94 cm (6.67 inch) Full HD+ Display50MP + 2MP | 16MP Front Camera5000 mAh BatteryDimensity 7200 Processor1 Year Manufacturer Warranty for Device and 6 Months Manufacturer Warranty for Inbox Accessories,4.4
218,"Motorola G85 5G (Viva Magenta, 256 GB)","₹19,999",12 GB RAM | 256 GB ROM16.94 cm (6.67 inch) Full HD+ Display50MP + 8MP | 32MP Front Camera5000 mAh Battery6s Gen 3 Processor1 Year on Handset and 6 Months on Accessories,4.5
219,"Motorola Edge 50 Fusion (Hot Pink, 128 GB)","₹19,999",8 GB RAM | 128 GB ROM17.02 cm (6.7 inch) Full HD+ Display50MP + 13MP | 32MP Front Camera5000 mAh Battery7s Gen 2 Processor1 Year on Handset and 6 Months on Accessories,4.6
220,"Apple iPhone 16 Plus (Black, 256 GB)","₹94,900","256 GB ROM17.02 cm (6.7 inch) Super Retina XDR Display48MP + 12MP | 12MP Front CameraA18 Chip, 6 Core Processor Processor1 year warranty for phone and 1 year warranty for in Box Accessories.",4.4
221,"realme P1 5G (Peacock Green, 256 GB)","₹15,999",8 GB RAM | 256 GB ROM | Expandable Upto 2 TB16.94 cm (6.67 inch) Full HD+ Display50MP + 2MP | 16MP Front Camera5000 mAh BatteryDimensity 7050 Processor1 Year Manufacturer Warranty for Device and 6 Months Manufacturer Warranty for Inbox Accessories,4.6
222,"Nothing Phone (3a) Pro (Black, 128 GB)","₹29,999",8 GB RAM | 128 GB ROM17.2 cm (6.77 inch) Full HD+ Display50MP (Main) + 50MP (3X Periscope)+ 8MP (Ultra-Wide) | 50MP Front Camera5000 mAh Battery7s Gen3 Processor1 Year Manufacturing Warranty,4.5
223,"Nothing Phone (3a) (Blue, 256 GB)","₹26,999",8 GB RAM | 256 GB ROM17.2 cm (6.77 inch) Full HD+ Display50MP (Main) + 50MP (2X Tele Photo) + 8MP (Ultra-Wide) | 32MP Front Camera5000 mAh Battery7s Gen3 Processor1 Year Manufacturing Warranty,4.6
224,"Apple iPhone 16 Plus (Ultramarine, 256 GB)","₹94,900","256 GB ROM17.02 cm (6.7 inch) Super Retina XDR Display48MP + 12MP | 12MP Front CameraA18 Chip, 6 Core Processor Processor1 year warranty for phone and 1 year warranty for in Box Accessories.",4.4
225,"CMF by Nothing Phone 1 (Orange, 128 GB)","₹17,999",8 GB RAM | 128 GB ROM | Expandable Upto 2 TB16.94 cm (6.67 inch) Full HD+ Display50MP + 2MP | 16MP Front Camera5000 mAh BatteryDimensity 7300 5G Processor1 Year Manufacturing Warranty,4.4
226,"Motorola Edge 50 Fusion (Forest Green, 256 GB)","₹22,999",12 GB RAM | 256 GB ROM17.02 cm (6.7 inch) Full HD+ Display50MP + 13MP | 32MP Front Camera5000 mAh Battery7s Gen 2 Processor1 Year on Handset and 6 Months on Accessories,4.2
227,"Motorola g64 5G (Ice Lilac, 256 GB)","₹15,999",12 GB RAM | 256 GB ROM | Expandable Upto 1 TB16.51 cm (6.5 inch) Full HD+ Display50MP (OIS) + 8MP | 16MP Front Camera6000 mAh BatteryDimensity 7025 Processor1 Year on Handset and 6 Months on Accessories,4.4
228,"vivo T3 5G (Crystal Flake, 256 GB)","₹20,499",8 GB RAM | 256 GB ROM16.94 cm (6.67 inch) Full HD+ Display50MP + 2MP | 16MP Front Camera5000 mAh BatteryDimensity 7200 Processor1 Year Manufacturer Warranty for Device and 6 Months Manufacturer Warranty for Inbox Accessories,4.4
229,"Motorola Edge 50 Fusion (Hot Pink, 256 GB)","₹22,999",12 GB RAM | 256 GB ROM17.02 cm (6.7 inch) Full HD+ Display50MP + 13MP | 32MP Front Camera5000 mAh Battery7s Gen 2 Processor1 Year on Handset and 6 Months on Accessories,4.6
230,"Apple iPhone 16 (Ultramarine, 128 GB)","₹74,900","128 GB ROM15.49 cm (6.1 inch) Super Retina XDR Display48MP + 12MP | 12MP Front CameraA18 Chip, 6 Core Processor Processor1 year warranty for phone and 1 year warranty for in Box Accessories.",4.4
231,"vivo T3 Lite 5G (Majestic Black, 128 GB)","₹11,499",6 GB RAM | 128 GB ROM | Expandable Upto 1 TB16.66 cm (6.56 inch) Display50MP + 2MP | 8MP Front Camera5000 mAh BatteryDimensity 6300 Processor1 Year Manufacturer Warranty for Device and 6 Months Manufacturer Warranty for Inbox Accessories,4.2
232,"POCO M7 5G (Mint Green, 128 GB)","₹10,999",8 GB RAM | 128 GB ROM | Expandable Upto 1 TB17.48 cm (6.88 inch) HD+ Display50MP Rear Camera | 8MP Front Camera5160 mAh Battery4 Gen 2 5G Processor1 Year Manufacturer Warranty for Phone and 6 Months Warranty for In the Box Accessories,4.6
233,"Apple iPhone 16 Plus (Ultramarine, 512 GB)","₹1,14,900","512 GB ROM17.02 cm (6.7 inch) Super Retina XDR Display48MP + 12MP | 12MP Front CameraA18 Chip, 6 Core Processor Processor1 year warranty for phone and 1 year warranty for in Box Accessories.",4.4
234,"vivo T3 Lite 5G (Vibrant Green, 128 GB)","₹11,499",6 GB RAM | 128 GB ROM | Expandable Upto 1 TB16.66 cm (6.56 inch) Display50MP + 2MP | 8MP Front Camera5000 mAh BatteryDimensity 6300 Processor1 Year Manufacturer Warranty for Device and 6 Months Manufacturer Warranty for Inbox Accessories,4.4
235,"vivo T3 Lite 5G (Majestic Black, 128 GB)","₹10,499",4 GB RAM | 128 GB ROM | Expandable Upto 1 TB16.66 cm (6.56 inch) Display50MP + 2MP | 8MP Front Camera5000 mAh BatteryDimensity 6300 Processor1 Year Manufacturer Warranty for Device and 6 Months Manufacturer Warranty for Inbox Accessories,4.4
236,"realme P1 5G (Peacock Green, 128 GB)","₹14,999",8 GB RAM | 128 GB ROM | Expandable Upto 2 TB16.94 cm (6.67 inch) Full HD+ Display50MP + 2MP | 16MP Front Camera5000 mAh BatteryDimensity 7050 Processor1 Year Manufacturer Warranty for Device and 6 Months Manufacturer Warranty for Inbox Accessories,4.6
237,"Apple iPhone 16 Plus (Ultramarine, 128 GB)","₹84,900","128 GB ROM17.02 cm (6.7 inch) Super Retina XDR Display48MP + 12MP | 12MP Front CameraA18 Chip, 6 Core Processor Processor1 year warranty for phone and 1 year warranty for in Box Accessories.",4.4
238,"vivo T3 Lite 5G (Vibrant Green, 128 GB)","₹10,499",4 GB RAM | 128 GB ROM | Expandable Upto 1 TB16.66 cm (6.56 inch) Display50MP + 2MP | 8MP Front Camera5000 mAh BatteryDimensity 6300 Processor1 Year Manufacturer Warranty for Device and 6 Months Manufacturer Warranty for Inbox Accessories,4.4
